id,company,domain,hq_location,employee_range,industry,fit,fit_reason,intent,trigger,tier,suggested_angle,source_urls
L001,Tru Country Bar & Grill,not verified,"New Lenox, IL (2nd location; original in Channahon)",unknown (small),Restaurant / bar,High,"Independent, owner-operated, two locations inside radius",High,"Opened 2nd location at 222 W Maple St, New Lenox, Apr 2026",A,New room to fill: geo-fenced Meta ads around the line dancing nights and live music calendar to build the New Lenox regulars base,https://www.shawlocal.com/the-herald-news/2026/04/11/new-bar-and-grill-opens-in-new-lenox | https://hoodline.com/2024/08/new-life-for-new-lenox-tru-country-bar-and-grill-to-revamp-long-vacant-tj-s-venue/
L002,Eden Elon Medical PLLC,not verified,"Joliet, IL (310 N Hammes Ave)",unknown (small),Health / primary care (NP-led),High,"Independent local practice in Joliet, health vertical",High,"Grand opening ribbon cutting with Joliet Chamber, Jul 9 2026",A,Fresh expansion means empty appointment slots: Google Search for 'primary care Joliet' plus Meta new-patient offers,https://www.burbio.com/states/Illinois/Joliet/joliet-region-chamber-of-commerce-industry | https://www.tebra.com/care/provider/ebony-belle-johnson-fnp-bc-1841736642
L003,Soul Sanctuary Shop,not verified,"Joliet, IL",unknown (micro),Retail,High,Independent local retail in Joliet,High,"Ribbon cutting with Joliet Chamber, Jul 1 2026",A,"Young shop, likely no ads yet: low-budget Meta awareness + Google Business Profile ads to drive foot traffic",https://www.burbio.com/states/Illinois/Joliet/joliet-region-chamber-of-commerce-industry
L004,LUSH MedSpa,mylushmedspa.com,"Shorewood, IL (also Morris, Wilmington)","unknown (small, 3 locations)",Med spa,High,"Independent med spa, multi-location, books online, high-margin services",Medium,Growth: expanded to 3 locations; no dated 2026 event found,A,Three locations splitting one budget: location-level Meta campaigns for Botox/filler offers with online booking as the conversion,https://practicefinder.newpatientsinc.com/medspa/lush-medspa-wilmington-il/ | https://shawlocal.com/morris-herald-news/news/business/2022/11/14/chamber-business-spotlight-lush-med-spa
L005,Kafe de Kasa,not verified,"Shorewood, IL (707 W Jefferson St)",unknown (micro),Coffee shop,High,Independent cafe inside radius,Medium,"New business license issued ~Oct 2025, about a year in",A,"Year one is when habits form: hyper-local Meta ads (3-5 mi) with a first-visit offer. Small budget, so price accordingly",https://www.shawlocal.com/the-herald-news/2025/10/01/coffee-shop-one-of-new-shorewood-business-licenses-issued
L006,Earth Mama Esthetics,not verified,"Plainfield, IL (13717 S Route 30, unit 121)",unknown (micro),Esthetics / skincare,High,"Independent skincare studio, health & wellness vertical",Medium,"Moved into permanent location w/ grand opening + ribbon cutting (year NOT confirmed, may be old)",A,Lead with the new space: Meta ads for first-facial offers to women 25-55 within 10 mi of Plainfield. Confirm move date first,https://patch.com/illinois/plainfield/earth-mama-esthetics-moves-into-new-plainfield-location
L007,Banks Bridal Suites & Lodging,not verified,"Joliet, IL (317 N Chicago St)",unknown (micro),Hospitality / wedding,Medium,"Independent, downtown Joliet; lodging is adjacent to your chosen verticals",High,"Grand opening ribbon cutting, Apr 23 2026",B,Wedding buyers live on Instagram: Meta ads to engaged couples within 30 mi plus Google Search for 'bridal suite Joliet',https://www.burbio.com/states/Illinois/Joliet/joliet-region-chamber-of-commerce-industry
L008,Little Learner Children's Academy,not verified,"Plainfield, IL",unknown,Childcare / early education,Medium,"Local childcare, not one of your four verticals but runs on enrollment leads",High,Hiring a Sales/Marketing Director (2026 listing),B,They're hiring someone to own growth: pitch paid enrollment campaigns that person can manage with you instead of from scratch,https://www.talent.com/jobs/k-marketing-communications-l-joliet-il
L009,FYZICAL Therapy & Balance Centers (Plainfield),fyzical.com (franchise),"Plainfield, IL",unknown,Physical therapy,Medium,"Health vertical, but a franchise location so corporate may control brand/ads",High,Hiring a full-time Marketing Specialist (2026 listing),B,Franchisee is investing in marketing headcount: offer local Google Search + Meta campaigns that sit inside franchise brand rules,https://www.talent.com/jobs/k-marketing-communications-l-joliet-il
L010,Joliet Collective Coworking,not verified,"Joliet, IL (116 N Chicago St, Ste 301)",unknown (micro),Coworking / B2B space,Medium,"Independent and new, but B2B-ish and small revenue ceiling",High,"Grand opening ribbon cutting, Apr 8 2026",B,Fill desks and meeting rooms: Google Search for 'coworking Joliet' / 'meeting room near Will County courthouse',https://www.commercialcafe.com/coworking-property/us/il/joliet/joliet-collective/ | https://www.burbio.com/states/Illinois/Joliet/joliet-region-chamber-of-commerce-industry
L011,"PDM Plumbing, Heating & Cooling",pdmsince1885.com,"Joliet, IL (467 Ruby St)",unknown (likely 20-50),Home services / HVAC,High,"Local HVAC + plumbing, strong reviews (636 Google, 4.8)",Low,140th anniversary Jun 2025 (over a year old); likely already advertising,B,Lean on review strength: Google Local Services Ads + seasonal furnace tune-up Meta campaigns. Ask who runs their ads now,https://www.pdmsince1885.com/ | https://www.shawlocal.com/the-herald-news/2025/06/30/pdm-plumbing-in-joliet-celebrates-140-years-of-excellence
L012,Abode Exteriors,not verified,"New Lenox, IL",unknown,Home services / roofing,High,"Family-run roofer since 1979, serves the whole radius",Low,none found,B,Storm-triggered Google Search + Meta retargeting; roofing is high-ticket so CPL math works,https://dev.malarkeyroofing.com/company-profile/abode-exteriors
L013,Titan Construction Enterprise,not verified,"Plainfield, IL (23831 W Andrew Rd)",unknown,Home services / roofing & siding,High,"Family-operated, GAF Master Elite, 3,000+ roofs locally",Low,none found,B,Promote the 50-year GAF warranty in search ads; it's a real differentiator against storm chasers,https://gaf.com/en-us/roofing-contractors/residential/usa/il/plainfield/titan-construction-enterprise-inc-1000223
L014,Innovative Creations Construction & Remodeling,not verified,"Joliet, IL (1052 Chovan Dr)",unknown,Home services / remodeling,High,Local kitchen + bath remodeler,Low,none found,B,Before/after carousel ads on Meta plus Google Search for 'kitchen remodel Joliet',https://www.homeadvisor.com/tloc/joliet-IL/Kitchen-Remodel
L015,"Law Offices of Tedone and Morton, P.C.",not verified,"Joliet + Plainfield, IL",unknown (small),Legal / family law,High,"Local divorce/family law firm, two offices in radius",Low,none found,B,Two offices = two geo campaigns: Google Search for 'divorce lawyer Plainfield' / 'Joliet' with free-consult CTA,https://lawyers.justia.com/lawyer/barbara-morton-405389
L016,"Reeder & Brown, P.C.",not verified,"Will County, IL",unknown (small),Legal / family law,High,Local family law firm serving the whole radius,Low,none found,B,Google Search on family law terms by suburb; they already list a dozen towns they serve,https://www.lawyer.com/firm/reeder-brown-p-c.html
L017,Leiter Law Offices,not verified,"Joliet, IL (63 W Jefferson St)",unknown (small),Legal / personal injury,High,"Solo-led PI firm, 81 Google reviews at 5.0",Low,none found,B,"PI clicks are brutal: pitch tightly geo-fenced Google + LSA, not broad terms. Workers' comp is the cheaper wedge",https://lawyers.uslegal.com/attorney/leiter-law-offices-54588304/
L018,Hutton Family Dental,not verified,"New Lenox, IL (1240 N Cedar Rd)",unknown (small),Dental,High,Independent family dental practice,Low,none found (accepting new patients is not a trigger),B,New-patient special on Meta + Google Search for 'dentist New Lenox',https://care.healthline.com/find-care/provider/dr-frank-hutton-1750409595
L019,EKG IV Nutrition & Aesthetics,ekgmedspa.com,"New Lenox, IL (352 W Maple St)",unknown (small),Med spa / IV / weight loss,High,Independent med spa with weight loss + injectables,Low,none found,B,"Weight-loss offers convert well on Meta, but ad policy is strict on that category. Lead with compliant creative",https://www.beautynailhairsalons.com/US/New-Lenox/351958001334391/EKG-IV-Nutrition-%26-Aesthetics
L020,Staver Accident Injury Lawyers,not verified,"Joliet, IL (81 N Chicago St)",unknown (multi-office),Legal / personal injury,Medium,"Multi-office regional firm, likely already has an agency",Low,none found,C,Only worth a shot with a specific audit finding on their current ads,https://lawyers.uslegal.com/attorney/staver-accident-injury-lawyers-pc-59950089
L021,Club Pilates New Lenox,clubpilates.com (franchise),"New Lenox, IL (1812 E Lincoln Hwy)",unknown,Fitness (franchise),Low,Franchise; corporate typically controls paid media,High,Opening ~Jun 2026,C,Only if the franchisee runs local ads themselves. Ask before pitching,https://shawlocal.com/the-herald-news/2026/06/07/these-news-businesses-coming-to-new-lenox-this-summer
L022,Uni Uni Boba Joliet,not verified,"Joliet, IL",unknown,Bubble tea (franchise),Low,Franchise brand,High,Grand opening Apr 17 2026,C,Same as above. Franchisee ads only,https://www.burbio.com/states/Illinois/Joliet/joliet-region-chamber-of-commerce-industry
